{"ydata": [65556.98, 65556.08, 65548.13, 65562.13, 65561.91, 65570.34, 65606.0, 65635.0, 65688.46, 65759.47, 65699.19, 65706.08, 65671.42, 65711.52, 65720.54], "ydata_ma": [65555.44666666667, 65557.39, 65564.79333333333, 65579.41666666667, 65603.78, 65643.15333333334, 65694.31000000001, 65715.70666666667, 65721.58, 65692.23, 65696.34000000001]}